Burkina : le partenariat public-privé se renforce pour accélérer les projets structurants,Journée de l’Excellence scolaire 2025 : le Burkina Faso honore ses élèves et enseignants d’exception
"Burkina/ Évaluation des ministres : 54 %, la moyenne globale après trois jours de bilan",Bobo-Dioulasso : Un éléphant égaré sème la panique au secteur 26 avant d’être abattu
"Burkina/Évaluation des ministres : Jacques Sosthène Dingara affiche un taux d’exécution de 62,15%",Burkina : Le gouvernement met fin aux activités du projet Target Malaria
"Burkina/Evaluation des contrats d’objectifs 2025 : Un taux d’exécution de 50,36% pour le ministre Adama Luc Sorgho ‎","Hommage à Alino Faso : ""C’était un homme du peuple, un passionné de la culture, un bienfaiteur, l’ami de tous"", retient Alif Naaba"
"Burkina/Évaluation des ministres : Un taux global de mise en oeuvre de  60,85% pour le ministre en charge du commerce","Burkina/ Santé : Pose de prothèse totale du genou, une première au CHU-YO"
"Burkina/ Évaluation des ministres : Un taux d’exécution de 49,15% pour le ministre Yacouba Gouba",Burkina/Santé : La Fondation Orange Burkina Faso s’engage à collecter au moins 1 000 poches de sang
"Burkina/ Évaluation des ministres : Dr Aboubakar Nacanabo atteint un taux d’exécution de 54,10% ‎","Hommage à Alino Faso : ""On retiendra de lui, ce combattant là qui a voulu que chaque burkinabè ait de la dignité et de l’honneur"", Télésphore Bationo"
"Burkina/Évaluation des ministres : Le ministre de l’enseignement supérieur atteint 55,35% d’exécution au premier semestre",Burkina Faso / Journée de l’excellence scolaire 2025 : Le président du Faso a insisté sur l’importance des filières scientifiques pour relever les défis du développement
Burkina/Évaluation des ministres : La ministre en charge de la Transition digitale réalise 53% de son contrat d’objectifs au premier semestre de l’année,"Burkina/ Remplacement des Associations des parents d’élèves (APE) par les Conseils de l’école (CE) : « Une révolution douce mais décisive », selon Nelson Congo, parent d’élèves et fondateur d’établissement"
Burkina/Anniversaire de la Révolution du 4 Août 83 : Le président du Faso exhorte à poursuivre l’élan de Sankara,Burkina/ Projet Target malaria : La coalition de veille sur les activités biotechnologiques dénonce les lâchers de moustiques
