Politique,Economie,SociÃ©tÃ©,Culture,Sport,Tech
ğ•ğ¢ğ¬ğ¢ğ­ğ ğâ€™ğšğ¦ğ¢ğ­ğ¢ğÌ ğšğ® ğŒğšğ¥ğ¢ : ğ¥ğ ğğ«ğğ¦ğ¢ğğ« ğ¦ğ¢ğ§ğ¢ğ¬ğ­ğ«ğ ğšÌ€ ğ¥â€™ğÌğœğ¨ğ®ğ­ğ ğğ ğ¥ğš ğğ¢ğšğ¬ğ©ğ¨ğ«ğš,Burkina/ RÃ©gion du Nando : La CCI-BF et le ministÃ¨re du commerce sensibilisent les acteurs Ã©conomiques sur la fixation de prix,Clap de fin de la 1re Ã©dition du camp vacances Faso MÃªbo : La promotion baptisÃ©e  Â«Â SÄ’MBDOÂ Â» (bonne semence),"Musique : Ouagadougou va abriter les REMA, rencontres musicales africaines, les 17, 18 et 19 octobre 2024",Visite dâ€™amitiÃ© au Mali: le premier ministre dÃ©couvre un plan du trÃ©sor culturel et artistique,Annonce | Infinix Hot60Pro+ et Infinix Hot60i deux nouveaux modÃ¨les
CoopÃ©ration bilatÃ©rale : Le Chef de la diplomatie burkinabÃ¨ et lâ€™ambassadeur des Etats-Unis se concertent dans la perspective dâ€™un partenariat gagnant-gagnant,Voyage dâ€™affaires en Turquie : Lâ€™Association LIEN et lâ€™Ambassade de Turquie jettent les bases dâ€™une coopÃ©ration Ã©conomique,Le capitaine Ibrahim TraorÃ© interpelle la jeunesse burkinabÃ¨ sur lâ€™utilisation des rÃ©seaux sociaux,Burkina : Sortie du single du groupe KSB 80,CHAN 2024 : Les Ã‰talons nâ€™ont pas brisÃ© la malÃ©diction,"Raynal Assurances lance son application mobile, une innovation au service de ses clients"
ConfÃ©dÃ©ration AES : Le Premier ministre burkinabÃ¨ en visite dâ€™amitiÃ© au Mali,Secteur monÃ©taire : Les piÃ¨ces de franc CFA lisses ou usÃ©es sont-elles valables dans le circuit Ã©conomique ?,Burkina Faso : PremiÃ¨re pose dâ€™une prothÃ¨se totale du genou au CHU-YO,CinÃ©ma : la 29e Ã©dition du FESPACO promet de nombreuses nouveautÃ©s,Des lÃ©gendes du football africain expriment leur solidaritÃ© au PrÃ©sident du Faso dans sa lutte contre lâ€™impÃ©rialisme,CommuniquÃ© | Top 3 mondial en robotique : Le Burkina Faso crÃ©e la surprise
"CoopÃ©ration : la coordinatrice rÃ©sidente du SystÃ¨me des Nations-Unies au Burkina, Carol Flore-Smereczniak, dÃ©clarÃ©e Â« persona non grata Â»","Burkina / RÃ©gion du DjÃ´rÃ´ : Â« Lâ€™or a fait beaucoup de millionnaires Ã  Gaoua Â», affirme le chef de canton",Ã‰ducation au Burkina Faso : Le capitaine Ibrahim TraorÃ© encourage les Ã©lÃ¨ves Ã  aller vers les filiÃ¨res scientifiques,"Burkina â€“ Chefferie: Intronisation dâ€™Edmond ManÃ©grÃ© DJIGUIMKOUDRÃ‰, animateur Ã  OmÃ©ga mÃ©dias",Super Coupe AJSB 2025 : le prÃ©sident Ibrahima Diallo sur tous les fronts pour une Ã©dition mÃ©morable,Annonce | TECNO Spark 40 : le smartphone qui va bouleverser votre quotidien
ğ‚ğ¨ğ¨ğ©ğÌğ«ğšğ­ğ¢ğ¨ğ§ ğğ®ğ«ğ¤ğ¢ğ§ğš ğ…ğšğ¬ğ¨ â€“ ğğšğ²ğ¬-ğğšğ¬ : ğŸğ¢ğ§ ğğ ğ¦ğ¢ğ¬ğ¬ğ¢ğ¨ğ§ ğğ ğ¥â€™ğ€ğ¦ğ›ğšğ¬ğ¬ğšğğğ®ğ« ğ„ğ¬ğ­ğ¡ğğ« ğ‹ğ¨ğğŸğŸğğ§,Burkina/SOFITEX : Les administrateurs constatent lâ€™Ã©volution du tout premier champ de coton expÃ©rimentant la semence de qualitÃ©,JournÃ©e nationale de lâ€™excellence scolaire : Le Capitaine Ibrahim TraorÃ© exhorte la jeunesse Ã  servir la nation,ğŸ”´ Livre dâ€™art Â« PathÃ©â€™O Â» prÃ©sentÃ© au public de Ouagadougou,FASOFOOT 2025-2026Â : Des rÃ©formes en cours pour plus de professionnalisme,"Annonce | Innovation et Technologie : Infinix rÃ©volutionne le marchÃ© des smartphones en lanÃ§ant son nouveau HOT 60 PRO+, le tÃ©lÃ©phone Ã  Ã©cran incurvÃ© 3D le plus fin au monde : Un nouveau record mondial"
Burkina Faso : Le gouvernement rejette le rapport de lâ€™ONU et dÃ©clare la Coordinatrice rÃ©sidente persona non grata,Foncier Ã  Ouagadougou : Une nouvelle direction pour dÃ©sengorger le service,Burkina Faso : Le gouvernement suspend dÃ©finitivement le projet Target Malaria,"CinÃ©ma : Â«Â MamanÂ Â», le nouveau long mÃ©trage de MCZ prÃ©sentÃ© en avant-premiÃ¨re",Lâ€™international burkinabÃ¨ Aristide BancÃ© honorÃ© par la commune dâ€™AdjamÃ©,Ouagadougou : Un BurkinabÃ¨ imagine un plan dâ€™amÃ©nagement du canal de KalgondÃ© gÃ©nÃ©rÃ© par lâ€™IA
Burkina Faso : La dÃ©pouille de Alino Faso sera rapatriÃ©e le lundi 18 aoÃ»t 2025 Ã  Ouagadougou,Burkina/Formation et finance : Lâ€™Institut des finances publiques et la Banque postale unissent leurs forces pour trois ans,Burkina Faso : Une vidÃ©o de Thomas Sankara parlant trois langues fait le buzz sur la toile,Musique : Amzy exprime sa reconnaissance Ã  ses fans aprÃ¨s avoir remportÃ© le KundÃ© dâ€™or 2024,ClÃ´ture du camp vacances sport de mains Ã  Bassinko : une Ã©cole de vie Ã  travers le handball et le volleyball,"SupposÃ©s effets nocifs des pylÃ´nes des tÃ©lÃ©phonies mobiles sur la santÃ© des populations : Lâ€™ANEVE, lâ€™ARSN et lâ€™ARCEP rassurent !"
CoopÃ©ration Burkina Faso â€“ NÃ©palÂ : PrÃ©sentation des Lettres de crÃ©ance de lâ€™ambassadeur DÃ©sirÃ© Boniface SOME,Lâ€™histoire du Bitcoin,Espace AES : La Haute AutoritÃ© de la Communication (HAC) du Mali en visite dâ€™Ã©tude Ã  Burkina 24,"ğŸ”´ Les cultures du monde cÃ©lÃ©brÃ©es Ã  lâ€™UA, ex IAM",RÃ©ouverture du Stade du 4 AoÃ»t : un symbole de rÃ©silience et dâ€™unitÃ© nationale sous lâ€™impulsion du PrÃ©sident Ibrahim TraorÃ©,Grande Promo Â«Ne MaamÂ» de Orange Money Burkina Faso : Ibrahim SamakÃ© empoche les 5 millions de F CFA
Parlement confÃ©dÃ©ral de lâ€™AES : Les bases dâ€™un cadre juridique Â« cohÃ©rent et solide Â» jetÃ©es Ã  Ouagadougou,Lancement de la Plateforme InteropÃ©rable du SystÃ¨me de Paiement InstantanÃ© de lâ€™UEMOA : Une phase de test lancÃ©e,Ouagadougou : Le Coordonnateur technique de lâ€™IPDC donne le ton du ramassage dâ€™ordures le long des caniveaux,ğŸ”´8e Ã©dition de : le lycÃ©e dÃ©partemental de Zoaga triomphe en art oratoire,Super Coupe AJSB 2025 : Lâ€™AJSB annonce la date officielle Ã  Sa MajestÃ© le Mogho Naba,RÃ©volution anti-moustiques : SORA Technology parie sur les drones IA pour Ã©radiquer le paludisme
Burkina : le partenariat public-privÃ© se renforce pour accÃ©lÃ©rer les projets structurants,Burkina/Caisse nationale de sÃ©curitÃ© sociale : Suzanne Nassouri/Dabilgou prend officiellement les rÃªnes de lâ€™agence de Kaya,Burkina Faso : Le procureur du Faso annonce lâ€™autopsie du corps de Alino Faso aprÃ¨s son rapatriement,ğŸ”´ Les Traditionalistes de la rÃ©gion du Sud-Ouest implorent la protection des mÃ¢nes des ancÃªtres,CHAN KETZUG 2024 : Les Ã‰talons Aâ€™ en route pour la conquÃªte en Tanzanie,"Accueil triomphal pour les Ã©lÃ¨ves de lâ€™ISO, vice-champions de la compÃ©tition panafricaine de robotique"
BurkinaÂ : le partenariat public-privÃ© se renforce pour accÃ©lÃ©rer les projets structurants,,JournÃ©e de lâ€™Excellence scolaire 2025Â : le Burkina Faso honore ses Ã©lÃ¨ves et enseignants dâ€™exception,,,
"Burkina/ Ã‰valuation des ministresÂ : 54Â %, la moyenne globale aprÃ¨s trois jours de bilan",,Bobo-DioulassoÂ : Un Ã©lÃ©phant Ã©garÃ© sÃ¨me la panique au secteur 26 avant dâ€™Ãªtre abattu,,,
"Burkina/Ã‰valuation des ministresÂ : Jacques SosthÃ¨ne Dingara affiche un taux dâ€™exÃ©cution de 62,15%",,BurkinaÂ : Le gouvernement met fin aux activitÃ©s du projet Target Malaria,,,
"Burkina/Evaluation des contrats dâ€™objectifs 2025Â : Un taux dâ€™exÃ©cution de 50,36% pour le ministre Adama Luc Sorgho â€",,"Hommage Ã  Alino FasoÂ : ""Câ€™Ã©tait un homme du peuple, un passionnÃ© de la culture, un bienfaiteur, lâ€™ami de tous"", retient Alif Naaba",,,
"Burkina/Ã‰valuation des ministresÂ : Un taux global de mise en oeuvre de  60,85% pour le ministre en charge du commerce",,"Burkina/ SantÃ©Â : Pose de prothÃ¨se totale du genou, une premiÃ¨re au CHU-YO",,,
"Burkina/ Ã‰valuation des ministresÂ : Un taux dâ€™exÃ©cution de 49,15% pour le ministre Yacouba Gouba",,Burkina/SantÃ©Â : La Fondation Orange Burkina Faso sâ€™engage Ã  collecter au moins 1 000 poches de sang,,,
"Burkina/ Ã‰valuation des ministresÂ : Dr Aboubakar Nacanabo atteint un taux dâ€™exÃ©cution de 54,10% â€",,"Hommage Ã  Alino FasoÂ : ""On retiendra de lui, ce combattant lÃ  qui a voulu que chaque burkinabÃ¨ ait de la dignitÃ© et de lâ€™honneur"", TÃ©lÃ©sphore Bationo",,,
"Burkina/Ã‰valuation des ministresÂ : Le ministre de lâ€™enseignement supÃ©rieur atteint 55,35% dâ€™exÃ©cution au premier semestre",,Burkina Faso / JournÃ©e de lâ€™excellence scolaire 2025Â : Le prÃ©sident du Faso a insistÃ© sur lâ€™importance des filiÃ¨res scientifiques pour relever les dÃ©fis du dÃ©veloppement,,,
Burkina/Ã‰valuation des ministresÂ : La ministre en charge de la Transition digitale rÃ©alise 53% de son contrat dâ€™objectifs au premier semestre de lâ€™annÃ©e,,"Burkina/ Remplacement des Associations des parents dâ€™Ã©lÃ¨ves (APE) par les Conseils de lâ€™Ã©cole (CE)Â : Â«Â Une rÃ©volution douce mais dÃ©cisiveÂ Â», selon Nelson Congo, parent dâ€™Ã©lÃ¨ves et fondateur dâ€™Ã©tablissement",,,
Burkina/Anniversaire de la RÃ©volution du 4 AoÃ»t 83Â : Le prÃ©sident du Faso exhorte Ã  poursuivre lâ€™Ã©lan de Sankara,,Burkina/ Projet Target malariaÂ : La coalition de veille sur les activitÃ©s biotechnologiques dÃ©nonce les lÃ¢chers de moustiques,,,
